{
  "gradient": [],
  "level": [],
  "name": "",
  "offset": 0.0,
  "single": [
    [
      100,
      [
        9,
        247,
        56
      ],
      "雾"
    ],
    [
      65520,
      [
        0,
        135,
        230
      ],
      "晴空"
    ],
    [
      65519,
      [
        119,
        126,
        136
      ],
      "冰云"
    ],
    [
      65535,
      [
        255,
        255,
        255
      ],
      "外太空"
    ]
  ],
  "slope": 1.0,
  "unit": "",
  "palette_mode": "single"
}