{
  "apps": [
    {
      "name": "worldview-app",
      "script": "/app/worldview.js",
      "exec_mode": "cluster",
      "cwd ": "/gpfs1/COMM/PROG/client/worldview/ShinetekView-app/shinetekview-app/app/",
      "instances": 2,
      "kill_timeout": 30000
    },
    {
      "name": "worldview-api",
      "script": "/api/worldview-api.js",
      "exec_mode": "cluster",
      "instances": 2,
      "cwd ": "/gpfs1/COMM/PROG/client/worldview/ShinetekView-app/shinetekview-app/api/",
      "kill_timeout": 30000
    }
  ]
}