{
  "gradient": [
    [
      150.0,
      [
        255,
        255,
        255
      ]
    ],
    [
      180.0,
      [
        250,
        31,
        31
      ]
    ],
    [
      210.0,
      [
        208,
        189,
        17
      ]
    ],
    [
      240.0,
      [
        33,
        199,
        37
      ]
    ],
    [
      270.0,
      [
        40,
        160,
        170
      ]
    ],
    [
      300.0,
      [
        31,
        27,
        214
      ]
    ],
    [
      330.0,
      [
        0,
        0,
        0
      ]
    ]
  ],
  "level": [],
  "name": "CTT",
  "offset": 0.0,
  "slope": 1.0,
  "unit": "K",
  "palette_mode": "gradient"
}