{
  "gradient": [
    [
      150.0,
      [
        0,
        255,
        255
      ]
    ],
    [
      210.0,
      [
        0,
        128,
        0
      ]
    ],
    [
      240.0,
      [
        255,
        255,
        255
      ]
    ],
    [
      250.0,
      [
        0,
        0,
        200
      ]
    ],
    [
      260.0,
      [
        247,
        247,
        0
      ]
    ],
    [
      300.0,
      [
        255,
        38,
        38
      ]
    ],
    [
      330.0,
      [
        255,
        38,
        38
      ]
    ]
  ],
  "level": [],
  "name": "",
  "offset": 0.0,
  "slope": 1.0,
  "unit": "",
  "palette_mode": "gradient"
}