<?xml version="1.0" encoding="utf-8"?>
<TileMap version="1.0.0" tilemapservice="http://tms.osgeo.org/1.0.0">
    <Title>NE2_HR_LC_SR_W_DR_recolored.tif</Title>
    <Abstract></Abstract>
    <SRS>EPSG:4326</SRS>
    <BoundingBox miny="-90.00000000000000" minx="-180.00000000000000" maxy="90.00000000000000"
                 maxx="180.00000000000000"/>
    <Origin y="-90.00000000000000" x="-180.00000000000000"/>
    <TileFormat width="256" height="256" mime-type="image/jpg" extension="jpg"/>
    <TileSets profile="mercator">
        <TileSet href="0" units-per-pixel="0.70312500000000" order="0"/>
        <TileSet href="1" units-per-pixel="0.35156250000000" order="1"/>
        <TileSet href="2" units-per-pixel="0.17578125000000" order="2"/>
        <TileSet href="3" units-per-pixel="0.08789062500000" order="3"/>
		
		 <TileSet href="4" units-per-pixel="0.08789062500000" order="4"/>
		  <TileSet href="5" units-per-pixel="0.08789062500000" order="5"/>
		   <TileSet href="6" units-per-pixel="0.08789062500000" order="6"/>
		    <TileSet href="7" units-per-pixel="0.08789062500000" order="7"/>
			    <TileSet href="8" units-per-pixel="0.08789062500000" order="8"/>
    </TileSets>
</TileMap>