{
  "gradient": [
    [
      1.0,
      [
        255,
        255,
        255
      ]
    ],
    [
      100.0,
      [
        254,
        7,
        1
      ]
    ],
    [
      200.0,
      [
        250,
        145,
        29
      ]
    ],
    [
      300.0,
      [
        222,
        207,
        20
      ]
    ],
    [
      400.0,
      [
        177,
        210,
        21
      ]
    ],
    [
      500.0,
      [
        23,
        172,
        68
      ]
    ],
    [
      600.0,
      [
        45,
        221,
        213
      ]
    ],
    [
      700.0,
      [
        39,
        120,
        180
      ]
    ],
    [
      800.0,
      [
        46,
        53,
        194
      ]
    ],
    [
      900.0,
      [
        99,
        46,
        186
      ]
    ],
    [
      1000.0,
      [
        149,
        57,
        147
      ]
    ],
    [
      1100.0,
      [
        0,
        0,
        0
      ]
    ]
  ],
  "level": [],
  "name": "CTP",
  "offset": 0.0,
  "slope": 1.0,
  "unit": "hPa",
  "palette_mode": "gradient"
}