{
  "gradient": [],
  "level": [],
  "range": [
    [
      [
        0,
        4
      ],
      [
        213,
        211,
        199
      ]
    ],
    [
      [
        4,
        8
      ],
      [
        208,
        185,
        184
      ]
    ],
    [
      [
        8,
        12
      ],
      [
        210,
        172,
        169
      ]
    ],
    [
      [
        12,
        16
      ],
      [
        203,
        151,
        135
      ]
    ],
    [
      [
        16,
        20
      ],
      [
        199,
        140,
        98
      ]
    ],
    [
      [
        20,
        24
      ],
      [
        168,
        107,
        63
      ]
    ],
    [
      [
        24,
        28
      ],
      [
        199,
        222,
        132
      ]
    ],
    [
      [
        28,
        32
      ],
      [
        184,
        202,
        90
      ]
    ],
    [
      [
        32,
        36
      ],
      [
        167,
        177,
        66
      ]
    ],
    [
      [
        36,
        40
      ],
      [
        141,
        162,
        55
      ]
    ],
    [
      [
        40,
        46
      ],
      [
        139,
        178,
        89
      ]
    ],
    [
      [
        46,
        53
      ],
      [
        116,
        175,
        100
      ]
    ],
    [
      [
        53,
        60
      ],
      [
        81,
        149,
        2
      ]
    ],
    [
      [
        60,
        66
      ],
      [
        43,
        132,
        6
      ]
    ],
    [
      [
        66,
        73
      ],
      [
        5,
        110,
        7
      ]
    ],
    [
      [
        73,
        80
      ],
      [
        0,
        89,
        0
      ]
    ],
    [
      [
        80,
        86
      ],
      [
        2,
        89,
        2
      ]
    ],
    [
      [
        86,
        93
      ],
      [
        1,
        70,
        1
      ]
    ],
    [
      [
        93,
        100
      ],
      [
        1,
        60,
        1
      ]
    ],
    [
      [
        100,
        null
      ],
      [
        0,
        46,
        0
      ]
    ]
  ],
  "name": "",
  "offset": 0.0,
  "slope": 1.0,
  "palette_mode": "range"
}