{
  "gradient": [
    [
      0.0,
      [
        0,
        0,
        131
      ]
    ],
    [
      0.2,
      [
        0,
        35,
        255
      ]
    ],
    [
      0.5,
      [
        0,
        203,
        255
      ]
    ],
    [
      0.8,
      [
        115,
        255,
        139
      ]
    ],
    [
      0.9,
      [
        199,
        255,
        55
      ]
    ],
    [
      1.0,
      [
        255,
        223,
        0
      ]
    ],
    [
      1.1,
      [
        255,
        139,
        0
      ]
    ],
    [
      1.2,
      [
        255,
        55,
        0
      ]
    ],
    [
      1.4,
      [
        219,
        0,
        0
      ]
    ],
    [
      1.5,
      [
        140,
        0,
        0
      ]
    ]
  ],
  "single": [
    [
      65530,
      [
        18,
        11,
        78
      ],
      "海洋"
    ],
    [
      65533,
      [
        227,
        227,
        225
      ],
      "云"
    ],
    [
      65532,
      [
        172,
        172,
        166
      ],
      "夜晚"
    ],
    [
      -999,
      [
        0,
        0,
        131
      ],
      "填充值"
    ],
    [
      65535.0,
      [
        255,
        255,
        255
      ],
      "外太空"
    ],
    [
      65534.0,
      [
        165,
        172,
        130
      ],
      "卫星天顶角大于72度"
    ]
  ],
  "level": [],
  "name": "",
  "offset": 0.0,
  "slope": 1.0,
  "unit": "",
  "palette_mode": "gradient"
}