{
  "gradient": [
    [
      0.0,
      [
        0,
        0,
        0
      ]
    ],
    [
      8.0,
      [
        222,
        67,
        235
      ]
    ],
    [
      16.5,
      [
        40,
        46,
        236
      ]
    ],
    [
      25.1,
      [
        11,
        244,
        192
      ]
    ],
    [
      33.5,
      [
        240,
        244,
        70
      ]
    ],
    [
      41.6,
      [
        255,
        0,
        0
      ]
    ],
    [
      50.0,
      [
        255,
        255,
        255
      ]
    ]
  ],
  "level": [],
  "name": "",
  "offset": 0.0,
  "slope": 1.0,
  "unit": "",
  "palette_mode": "gradient"
}