{
  "level": [
  ],
  "range": [
    [
      [
        0,
        3
      ],
      [
        255,
        252,
        232
      ]
    ],
    [
      [
        3,
        6
      ],
      [
        254,
        247,
        205
      ]
    ],
    [
      [
        6,
        9
      ],
      [
        254,
        242,
        201
      ]
    ],
    [
      [
        9,
        12
      ],
      [
        254,
        238,
        182
      ]
    ],
    [
      [
        12,
        15
      ],
      [
        254,
        226,
        133
      ]
    ],
    [
      [
        15,
        17
      ],
      [
        253,
        220,
        104
      ]
    ],
    [
      [
        17,
        19
      ],
      [
        254,
        174,
        103
      ]
    ],
    [
      [
        19,
        21
      ],
      [
        254,
        130,
        63
      ]
    ],
    [
      [
        21,
        23
      ],
      [
        243,
        88,
        14
      ]
    ],
    [
      [
        23,
        24
      ],
      [
        219,
        56,
        14
      ]
    ],
    [
      32764,
      [
        172,
        172,
        172
      ],
      "夜晚"
    ],
    [
      32760,
      [
        0,
        0,
        0
      ],
      "填充值"
    ],
    [
      32766,
      [
        255,
        255,
        255
      ],
      "外太空"
    ]
  ],
  "name": "",
  "offset": 0.0,
  "slope": 1.0,
  "unit": "",
  "palette_mode": "range"
}