{
  "single": [
    [
      -888.0,
      [
        0,
        0,
        0
      ],
      "无效值"
    ],
    [
      65530.0,
      [
        120,
        67,
        29
      ],
      "陆地"
    ],
    [
      65532.0,
      [
        172,
        172,
        166
      ],
      "卫星天顶角大于70度"
    ],
    [
      65535.0,
      [
        255,
        255,
        255
      ],
      "外太空"
    ]
  ],
  "gradient": [
    [
      -5.0,
      [
        0,
        0,
        139
      ]
    ],
    [
      5.0,
      [
        48,
        12,
        250
      ]
    ],
    [
      15.0,
      [
        41,
        194,
        207
      ]
    ],
    [
      25.0,
      [
        69,
        191,
        51
      ]
    ],
    [
      35.0,
      [
        215,
        219,
        38
      ]
    ],
    [
      45.0,
      [
        236,
        32,
        15
      ]
    ]
  ],
  "level": [],
  "name": "SST Hourly Product",
  "offset": 0.0,
  "slope": 1.0,
  "unit": "℃",
  "palette_mode": "gradient"
}