{
  "single": [
    [
      65531.0,
      [
        10,
        10,
        250
      ],
      "海洋"
    ],
    [
      65529.0,
      [
        255,
        255,
        255
      ],
      "冰雪"
    ],
    [
      65533.0,
      [
        227,
        227,
        225
      ],
      "云"
    ]
  ],
  "gradient": [
    [
      220.0,
      [
        120,
        155,
        242
      ]
    ],
    [
      230.0,
      [
        176,
        224,
        230
      ]
    ],
    [
      240.0,
      [
        32,
        178,
        170
      ]
    ],
    [
      250.0,
      [
        154,
        205,
        50
      ]
    ],
    [
      260.0,
      [
        46,
        139,
        87
      ]
    ],
    [
      270.0,
      [
        245,
        230,
        190
      ]
    ],
    [
      280.0,
      [
        222,
        184,
        135
      ]
    ],
    [
      290.0,
      [
        255,
        225,
        0
      ]
    ],
    [
      300.0,
      [
        255,
        165,
        0
      ]
    ],
    [
      310.0,
      [
        255,
        69,
        0
      ]
    ],
    [
      320.0,
      [
        178,
        34,
        34
      ]
    ],
    [
      330.0,
      [
        255,
        182,
        193
      ]
    ],
    [
      340.0,
      [
        255,
        20,
        147
      ]
    ]
  ],
  "level": [],
  "name": "",
  "offset": 0.0,
  "slope": 1.0,
  "unit": "K",
  "palette_mode": "gradient"
}