{
  "gradient": [
    [
      -1.0,
      [
        255,
        255,
        255
      ]
    ],
    [
      5.0,
      [
        0,
        0,
        0
      ]
    ]
  ],
  "level": [],
  "name": "CIX",
  "offset": 0.0,
  "single": [
    [
      0,
      [
        255,
        255,
        255
      ],
      "BackGround"
    ],
    [
      1,
      [
        128,
        128,
        64
      ],
      "CI_Rank1"
    ],
    [
      2,
      [
        128,
        64,
        0
      ],
      "CI_Rank2"
    ],
    [
      3,
      [
        255,
        128,
        0
      ],
      "CI_Rank3"
    ],
    [
      4,
      [
        255,
        128,
        128
      ],
      "CI_Rank4"
    ]
  ],
  "slope": 1.0,
  "unit": "",
  "palette_mode": "single"
}