{
  "gradient": [
    [
      0.0,
      [
        101,
        0,
        118
      ]
    ],
    [
      0.1,
      [
        0,
        0,
        239
      ]
    ],
    [
      0.2,
      [
        0,
        79,
        255
      ]
    ],
    [
      0.3,
      [
        0,
        191,
        255
      ]
    ],
    [
      0.4,
      [
        31,
        255,
        223
      ]
    ],
    [
      0.5,
      [
        131,
        255,
        122
      ]
    ],
    [
      0.6,
      [
        239,
        255,
        15
      ]
    ],
    [
      0.7,
      [
        255,
        175,
        0
      ]
    ],
    [
      0.8,
      [
        255,
        63,
        0
      ]
    ],
    [
      0.9,
      [
        223,
        0,
        0
      ]
    ],
    [
      1.0,
      [
        127,
        0,
        0
      ]
    ]
  ],
  "single": [
    [
      65531,
      [
        120,
        67,
        29
      ],
      "陆地"
    ],
    [
      65533,
      [
        227,
        227,
        225
      ],
      "云"
    ],
    [
      65532,
      [
        172,
        172,
        166
      ],
      "夜晚"
    ],
    [
      -327.68,
      [
        0,
        0,
        0
      ],
      "填充值"
    ],
    [
      65535.0,
      [
        255,
        255,
        255
      ],
      "外太空"
    ],
    [
      65534.0,
      [
        165,
        172,
        130
      ],
      "卫星天顶角大于72度"
    ]
  ],
  "level": [],
  "name": "",
  "offset": 0.0,
  "slope": 1.0,
  "unit": "",
  "palette_mode": "gradient"
}